{
  "n_estimators": 132,
  "max_depth": 3,
  "learning_rate": 0.09823025045826593,
  "subsample": 0.762378215816119,
  "colsample_bytree": 0.7159725093210578,
  "min_child_weight": 3,
  "gamma": 3.0592644736118975
}